ABOHAR,
AJITWAL,
AMBALA,
AMRITSAR,
ANANDPURSAHIB,
BAGHAPURANA,
BAIJNATH,
BANGA,
BARNALA,
BATALA,
BATHINDA,
BEAS,
BHATINDA,
BUDHLADA,
CHAMBA,
CHANDIGARH,
CHINTPURNI,
DAALA,
DABBWALI,
DALHOUSIE,
DASUYA,
DEHRADOON,
DELHI,
DHARAMSHALA,
DHARIWAL,
DHONERA,
DHUDHI,
DINANAGAR,
FARIDABAD,
FARIDKOT,
FATEHGARHSAHIB,
FAZILKA,
FEROZEPUR,
FIROZPUR,
GANGANAGAR,
GIDDARBAHA,
GORAYA,
GURDASPUR,
GURUHARSHAI,
HAMIRPUR,
HANUMANGARH,
HARCHOWAL,
HARIDAWAR,
HARIDWAR,
HISAR,
HOSHIARPUR,
JAGRAON,
JALALABAD,
JALANDHAR,
JAMMU,
JANDIALA,
KALKA,
KARTARPUR,
KATRA,
KHANNA,
KOT KAPURA,
KURUKSHETRA,
LOHGARH,
LUDHIANA,
MAHILPUR,
MALERKOTLA,
MALOUT,
MANALI,
MANDI DAWALI,
MANIKARAN,
MANSA,
MERUT,
MOGA,
MOHALI,
MUKATSAR,
MUKERIAN,
MUKTSAR,
NAKODAR,
NANGAL,
NAWANSHEHAR,
PAHEWA,
PATHANKOT,
PATIALA,
PAUNTASAHIB,
PHAGWARA,
PHILLAUR,
POUNTASAHIB,
QADIAN,
RAJKOT,
RAJPURA,
ROPAR,
SAMRALA,
SANGRUR,
SARDULGARH,
SHAHKOT,
SHAHTALAI,
SHIMLA,
SIRHAND,
TALWARA,
TARANTAARAN,
TARN TARAN SAHIB,
TARNTARAN,
UDHAMPUR,
VIJAYNAGAR,
YAMUNANAGAR,
AGRA,
SIRSA,
RAMPURA,
JAIPUR,
KARNAL,
PIPLI,
KURUKSHETRA,
NEW DELHI,
